Year,Category,Winner
1927,Actor in a Leading Role,Emil Jannings
1927,Actress in a Leading Role,Janet Gaynor
1927,Cinematography,Charles Rosher / Karl Struss
1927,Directing (Comedy Picture),Lewis Milestone
1927,Directing (Dramatic Picture),Frank Borzage
1927,Best Picture,Wings
1927,Writing (Adapted Screenplay),Benjamin Glazer
1927,Writing (Original Story),Ben Hecht
1928,Actor in a Leading Role,Warner Baxter
1928,Actress in a Leading Role,Mary Pickford
1928,Art Direction,Cedric Gibbons
1928,Cinematography,Clyde De Vinna
1928,Directing,Frank Lloyd
1928,Best Picture,The Broadway Melody
1928,Writing (Adapted Screenplay),Hans Kraly
1929,Actor in a Leading Role,George Arliss
1929,Actress in a Leading Role,Norma Shearer
1929,Art Direction,Herman Rosse
1929,Cinematography,Joseph T. Rucker / Willard Van Der Veer
1929,Directing,Lewis Milestone
1929,Best Picture,All Quiet on the Western Front
1929,Writing (Adapted Screenplay),Frances Marion
1930,Actor in a Leading Role,Lionel Barrymore
1930,Actress in a Leading Role,Marie Dressler
1930,Art Direction,Max Rée
1930,Cinematography,Floyd Crosby
1930,Directing,Norman Taurog
1930,Best Picture,Cimarron
1930,Writing (Adapted Screenplay),Howard Estabrook
1930,Writing (Original Story),John Monk Saunders
1931,Actor in a Leading Role,Wallace Beery / Fredric March
1931,Actress in a Leading Role,Helen Hayes
1931,Art Direction,Gordon Wiles
1931,Cinematography,Lee Garmes
1931,Directing,Frank Borzage
1931,Best Picture,Grand Hotel
1931,Writing (Adapted Screenplay),Edwin Burke
1931,Writing (Original Story),Frances Marion
1932,Actor in a Leading Role,Charles Laughton
1932,Actress in a Leading Role,Katharine Hepburn
1932,Art Direction,William S. Darling
1932,Cinematography,Charles Bryant Lang Jr.
1932,Directing,Frank Lloyd
1932,Best Picture,Cavalcade
1932,Writing (Adapted Screenplay),Victor Heerman / Sarah Y. Mason
1932,Writing (Original Story),Robert Lord
1934,Actor in a Leading Role,Clark Gable
1934,Actress in a Leading Role,Claudette Colbert
1934,Art Direction,Cedric Gibbons / Fredric Hope
1934,Cinematography,Victor Milner
1934,Directing,Frank Capra
1934,Film Editing,Conrad Nervig
1934,Best Picture,It Happened One Night
1934,Writing (Adapted Screenplay),Robert Riskin
1934,Writing (Original Story),Arthur Caesar
1935,Actor in a Leading Role,Victor McLaglen
1935,Actress in a Leading Role,Bette Davis
1935,Art Direction,Richard Day
1935,Cinematography,Hal Mohr
1935,Directing,John Ford
1935,Film Editing,Ralph Dawson
1935,Best Picture,Mutiny on the Bounty
1935,Writing (Original Story),Ben Hecht / Charles MacArthur
1935,Writing (Adapted Screenplay),Dudley Nichols
1936,Actor in a Leading Role,Paul Muni
1936,Actor in a Supporting Role,Walter Brennan
1936,Actress in a Leading Role,Luise Rainer
1936,Actress in a Supporting Role,Gale Sondergaard
1936,Art Direction,Richard Day
1936,Cinematography,Gaetano Gaudio
1936,Directing,Frank Capra
1936,Film Editing,Ralph Dawson
1936,Best Picture,The Great Ziegfeld
1936,Writing (Original Story),Pierre Collings / Sheridan Gibney
1936,Writing (Adapted Screenplay),Pierre Collings / Sheridan Gibney
1937,Actor in a Leading Role,Spencer Tracy
1937,Actor in a Supporting Role,Joseph Schildkraut
1937,Actress in a Leading Role,Luise Rainer
1937,Actress in a Supporting Role,Alice Brady
1937,Art Direction,Stephen Goosson
1937,Cinematography,Karl Freund
1937,Directing,Leo McCarey
1937,Film Editing,Gene Havlick / Gene Milford
1937,Best Picture,The Life of Emile Zola
1937,Writing (Original Story),William A. Wellman / Robert Carson
1937,Writing (Adapted Screenplay),Norman Reilly Raine / Heinz Herald / Geza Herczeg
1938,Actor in a Leading Role,Spencer Tracy
1938,Actor in a Supporting Role,Walter Brennan
1938,Actress in a Leading Role,Bette Davis
1938,Actress in a Supporting Role,Fay Bainter
1938,Art Direction,Carl J. Weyl
1938,Cinematography,Joseph Ruttenberg
1938,Directing,Frank Capra
1938,Film Editing,Ralph Dawson
1938,Best Picture,You Can't Take It with You
1938,Writing (Original Story),Dore Schary / Eleanore Griffin
1938,Writing (Adapted Screenplay),George Bernard Shaw / W. P. Lipscomb / Cecil Lewis / Ian Dalrymple
1939,Actor in a Leading Role,Robert Donat
1939,Actor in a Supporting Role,Thomas Mitchell
1939,Actress in a Leading Role,Vivien Leigh
1939,Actress in a Supporting Role,Hattie McDaniel
1939,Art Direction,Lyle Wheeler
1939,Cinematography (Black-and-White),Gregg Toland
1939,Cinematography (Color),Ernest Haller / Ray Rennahan
1939,Directing,Victor Fleming
1939,Film Editing,Hal C. Kern / James E. Newcom
1939,Best Picture,Gone with the Wind
1939,Writing (Original Story),Lewis R. Foster
1939,Writing (Adapted Screenplay),Sidney Howard
1940,Actor in a Leading Role,James Stewart
1940,Actor in a Supporting Role,Walter Brennan
1940,Actress in a Leading Role,Ginger Rogers
1940,Actress in a Supporting Role,Jane Darwell
1940,Art Direction (Black-and-White),Cedric Gibbons / Paul Groesse
1940,Art Direction (Color),Vincent Korda
1940,Cinematography (Black-and-White),George Barnes
1940,Cinematography (Color),Georges Périnal
1940,Directing,John Ford
1940,Film Editing,Anne Bauchens
1940,Best Picture,Rebecca
1940,Writing (Original Screenplay),Preston Sturges
1940,Writing (Original Story),Benjamin Glazer / John S. Toldy
1940,Writing (Adapted Screenplay),Donald Ogden Stewart
1941,Actor in a Leading Role,Gary Cooper
1941,Actor in a Supporting Role,Donald Crisp
1941,Actress in a Leading Role,Joan Fontaine
1941,Actress in a Supporting Role,Mary Astor
1941,Art Direction (Black-and-White),Richard Day / Nathan Juran / Thomas Little
1941,Art Direction (Color),Cedric Gibbons / Urie McCleary / Edwin B. Willis
1941,Cinematography (Black-and-White),Arthur Miller
1941,Cinematography (Color),Ernest Palmer / Ray Rennahan
1941,Directing,John Ford
1941,Film Editing,William Holmes
1941,Best Picture,How Green Was My Valley
1941,Writing (Original Screenplay),Herman J. Mankiewicz / Orson Welles
1941,Writing (Original Story),Harry Segall
1941,Writing (Adapted Screenplay),Sidney Buchman / Seton I. Miller
1942,Actor in a Leading Role,James Cagney
1942,Actor in a Supporting Role,Van Heflin
1942,Actress in a Leading Role,Greer Garson
1942,Actress in a Supporting Role,Teresa Wright
1942,Art Direction (Black-and-White),Richard Day / Joseph Wright / Thomas Little
1942,Art Direction (Color),Richard Day / Joseph Wright / Thomas Little
1942,Cinematography (Black-and-White),Joseph Ruttenberg
1942,Cinematography (Color),Leon Shamroy
1942,Directing,William Wyler
1942,Film Editing,Daniel Mandell
1942,Best Picture,Mrs. Miniver
1942,Writing (Original Story),Emeric Pressburger
1942,Writing (Original Screenplay),Ring Lardner Jr. / Michael Kanin
1942,Writing (Adapted Screenplay),Arthur Wimperis / George Froeschel / James Hilton / Claudine West
1943,Actor in a Leading Role,Paul Lukas
1943,Actor in a Supporting Role,Charles Coburn
1943,Actress in a Leading Role,Jennifer Jones
1943,Actress in a Supporting Role,Katina Paxinou
1943,Art Direction (Black-and-White),James Basevi / William Darling / Thomas Little
1943,Art Direction (Color),John B. Goodman / Alexander Golitzen / Russell A. Gausman / Ira S. Webb
1943,Cinematography (Black-and-White),Arthur Miller
1943,Cinematography (Color),Hal Mohr / W. Howard Greene
1943,Directing,Michael Curtiz
1943,Film Editing,George Amy
1943,Best Picture,Casablanca
1943,Writing (Original Story),William Saroyan
1943,Writing (Original Screenplay),Norman Krasna
1943,Writing (Adapted Screenplay),Julius J. Epstein / Philip G. Epstein / Howard Koch
1944,Actor in a Leading Role,Bing Crosby
1944,Actor in a Supporting Role,Barry Fitzgerald
1944,Actress in a Leading Role,Ingrid Bergman
1944,Actress in a Supporting Role,Ethel Barrymore
1944,Art Direction (Black-and-White),Cedric Gibbons / William Ferrari / Edwin B. Willis / Paul Huldschinsky
1944,Art Direction (Color),Wiard Ihnen / Thomas Little
1944,Cinematography (Black-and-White),Joseph LaShelle
1944,Cinematography (Color),Leon Shamroy
1944,Directing,Leo McCarey
1944,Film Editing,Barbara McLean
1944,Best Picture,Going My Way
1944,Writing (Original Story),Leo McCarey
1944,Writing (Original Screenplay),Lamar Trotti
1944,Writing (Adapted Screenplay),Frank Butler / Frank Cavett
1945,Actor in a Leading Role,Ray Milland
1945,Actor in a Supporting Role,James Dunn
1945,Actress in a Leading Role,Joan Crawford
1945,Actress in a Supporting Role,Anne Revere
1945,Art Direction (Black-and-White),Wiard Ihnen / A. Roland Fields
1945,Art Direction (Color),Hans Dreier / Ernst Fegte / Sam Comer
1945,Cinematography (Black-and-White),Harry Stradling
1945,Cinematography (Color),Leon Shamroy
1945,Directing,Billy Wilder
1945,Film Editing,Robert J. Kern
1945,Best Picture,The Lost Weekend
1945,Writing (Original Story),Charles G. Booth
1945,Writing (Original Screenplay),Richard Schweizer
1945,Writing (Adapted Screenplay),Charles Brackett / Billy Wilder
1946,Actor in a Leading Role,Fredric March
1946,Actor in a Supporting Role,Harold Russell
1946,Actress in a Leading Role,Olivia de Havilland
1946,Actress in a Supporting Role,Anne Baxter
1946,Art Direction (Black-and-White),Lyle Wheeler / William Darling / Thomas Little / Frank E. Hughes
1946,Art Direction (Color),Cedric Gibbons / Paul Groesse / Edwin B. Willis
1946,Cinematography (Black-and-White),Arthur Miller
1946,Cinematography (Color),Charles Rosher / Leonard Smith / Arthur Arling
1946,Directing,William Wyler
1946,Film Editing,Daniel Mandell
1946,Best Picture,The Best Years of Our Lives
1946,Writing (Original Story),Clemence Dane
1946,Writing (Original Screenplay),Muriel Box / Sydney Box
1946,Writing (Adapted Screenplay),Robert E. Sherwood
1947,Actor in a Leading Role,Ronald Colman
1947,Actor in a Supporting Role,Edmund Gwenn
1947,Actress in a Leading Role,Loretta Young
1947,Actress in a Supporting Role,Celeste Holm
1947,Art Direction (Black-and-White),John Bryan / Wilfred Shingleton
1947,Art Direction (Color),Alfred Junge
1947,Cinematography (Black-and-White),Guy Green
1947,Cinematography (Color),Jack Cardiff
1947,Directing,Elia Kazan
1947,Film Editing,Francis Lyon / Robert Parrish
1947,Best Picture,Gentleman's Agreement
1947,Writing (Original Story),Valentine Davies
1947,Writing (Original Screenplay),Sidney Sheldon
1947,Writing (Adapted Screenplay),George Seaton
1948,Actor in a Leading Role,Laurence Olivier
1948,Actor in a Supporting Role,Walter Huston
1948,Actress in a Leading Role,Jane Wyman
1948,Actress in a Supporting Role,Claire Trevor
1948,Art Direction (Black-and-White),Roger K. Furse / Carmen Dillon
1948,Art Direction (Color),Hein Heckroth / Arthur Lawson
1948,Cinematography (Black-and-White),William Daniels
1948,Cinematography (Color),Joseph Valentine / William V. Skall / Winton Hoch
1948,Costume Design (Black-and-White),Roger K. Furse
1948,Costume Design (Color),Dorothy Jeakins / Karinska
1948,Directing,John Huston
1948,Film Editing,Paul Weatherwax
1948,Best Picture,Hamlet
1948,Writing (Original Story),Richard Schweizer / David Wechsler
1948,Writing (Adapted Screenplay),John Huston
1949,Actor in a Leading Role,Broderick Crawford
1949,Actor in a Supporting Role,Dean Jagger
1949,Actress in a Leading Role,Olivia de Havilland
1949,Actress in a Supporting Role,Mercedes McCambridge
1949,Art Direction (Black-and-White),Harry Horner / John Meehan / Emile Kuri
1949,Art Direction (Color),Cedric Gibbons / Paul Groesse / Edwin B. Willis / Jack D. Moore
1949,Cinematography (Black-and-White),Paul C. Vogel
1949,Cinematography (Color),Winton Hoch
1949,Costume Design (Black-and-White),Edith Head / Gile Steele
1949,Costume Design (Color),Leah Rhodes / Travilla / Marjorie Best
1949,Directing,Joseph L. Mankiewicz
1949,Film Editing,Harry Gerstad
1949,Best Picture,All the King's Men
1949,Writing (Original Story),Douglas Morrow
1949,Writing (Adapted Screenplay),Joseph L. Mankiewicz
1949,Writing (Original Screenplay),Robert Pirosh
1950,Actor in a Leading Role,José Ferrer
1950,Actor in a Supporting Role,George Sanders
1950,Actress in a Leading Role,Judy Holliday
1950,Actress in a Supporting Role,Josephine Hull
1950,Art Direction (Black-and-White),Hans Dreier / John Meehan / Sam Comer / Ray Moyer
1950,Art Direction (Color),Hans Dreier / Walter Tyler / Sam Comer / Ray Moyer
1950,Cinematography (Black-and-White),Robert Krasker
1950,Cinematography (Color),Robert Surtees
1950,Costume Design (Black-and-White),Edith Head / Charles LeMaire
1950,Costume Design (Color),Edith Head / Dorothy Jeakins / Elois Jenssen / Gile Steele / Gwen Wakeling
1950,Directing,Joseph L. Mankiewicz
1950,Film Editing,Ralph E. Winters / Conrad A. Nervig
1950,Best Picture,All about Eve
1950,Writing (Original Story),Edna Anhalt / Edward Anhalt
1950,Writing (Adapted Screenplay),Joseph L. Mankiewicz
1950,Writing (Original Screenplay),Charles Brackett / Billy Wilder / D. M. Marshman Jr.
1951,Actor in a Leading Role,Humphrey Bogart
1951,Actor in a Supporting Role,Karl Malden
1951,Actress in a Leading Role,Vivien Leigh
1951,Actress in a Supporting Role,Kim Hunter
1951,Art Direction (Black-and-White),Richard Day / George James Hopkins
1951,Art Direction (Color),Cedric Gibbons / Preston Ames / Edwin B. Willis / Keogh Gleason
1951,Cinematography (Black-and-White),William C. Mellor
1951,Cinematography (Color),Alfred Gilks / John Alton
1951,Costume Design (Black-and-White),Edith Head
1951,Costume Design (Color),Orry-Kelly / Walter Plunkett / Irene Sharaff
1951,Directing,George Stevens
1951,Film Editing,William Hornbeck
1951,Best Picture,An American in Paris
1951,Writing (Original Story),Paul Dehn / James Bernard
1951,Writing (Adapted Screenplay),Michael Wilson / Harry Brown
1951,Writing (Original Screenplay),Alan Jay Lerner
1952,Actor in a Leading Role,Gary Cooper
1952,Actor in a Supporting Role,Anthony Quinn
1952,Actress in a Leading Role,Shirley Booth
1952,Actress in a Supporting Role,Gloria Grahame
1952,Art Direction (Black-and-White),Cedric Gibbons / Edward Carfagno / Edwin B. Willis / Keogh Gleason
1952,Art Direction (Color),Paul Sheriff / Marcel Vertes
1952,Cinematography (Black-and-White),Robert Surtees
1952,Cinematography (Color),Winton C. Hoch / Archie Stout
1952,Costume Design (Black-and-White),Helen Rose
1952,Costume Design (Color),Marcel Vertes
1952,Directing,John Ford
1952,Film Editing,Elmo Williams / Harry Gerstad
1952,Best Picture,The Greatest Show on Earth
1952,Writing (Original Story),Fredric M. Frank / Theodore St. John / Frank Cavett
1952,Writing (Adapted Screenplay),Charles Schnee
1952,Writing (Original Screenplay),T. E. B. Clarke
1953,Actor in a Leading Role,William Holden
1953,Actor in a Supporting Role,Frank Sinatra
1953,Actress in a Leading Role,Audrey Hepburn
1953,Actress in a Supporting Role,Donna Reed
1953,Art Direction (Black-and-White),Cedric Gibbons / Edward Carfagno / Edwin B. Willis / Hugh Hunt
1953,Art Direction (Color),Lyle Wheeler / George W. Davis / Walter M. Scott / Paul S. Fox
1953,Cinematography (Black-and-White),Burnett Guffey
1953,Cinematography (Color),Loyal Griggs
1953,Costume Design (Black-and-White),Edith Head
1953,Costume Design (Color),Charles LeMaire / Emile Santiago
1953,Directing,Fred Zinnemann
1953,Film Editing,William Lyon
1953,Best Picture,From Here to Eternity
1953,Writing (Original Story),Dalton Trumbo
1953,Writing (Adapted Screenplay),Daniel Taradash
1953,Writing (Original Screenplay),Charles Brackett / Walter Reisch / Richard Breen
1954,Actor in a Leading Role,Marlon Brando
1954,Actor in a Supporting Role,Edmond O'Brien
1954,Actress in a Leading Role,Grace Kelly
1954,Actress in a Supporting Role,Eva Marie Saint
1954,Art Direction (Black-and-White),Richard Day
1954,Art Direction (Color),John Meehan / Emile Kuri
1954,Cinematography (Black-and-White),Boris Kaufman
1954,Cinematography (Color),Milton Krasner
1954,Costume Design (Black-and-White),Edith Head
1954,Costume Design (Color),Sanzo Wada
1954,Directing,Elia Kazan
1954,Film Editing,Gene Milford
1954,Best Picture,On the Waterfront
1954,Writing (Original Story),Philip Yordan
1954,Writing (Adapted Screenplay),George Seaton
1954,Writing (Original Screenplay),Budd Schulberg
1955,Actor in a Leading Role,Ernest Borgnine
1955,Actor in a Supporting Role,Jack Lemmon
1955,Actress in a Leading Role,Anna Magnani
1955,Actress in a Supporting Role,Jo Van Fleet
1955,Art Direction (Black-and-White),Hal Pereira / Tambi Larsen / Sam Comer / Arthur Krams
1955,Art Direction (Color),William Flannery / Jo Mielziner / Robert Priestley
1955,Cinematography (Black-and-White),James Wong Howe
1955,Cinematography (Color),Robert Burks
1955,Costume Design (Black-and-White),Helen Rose
1955,Costume Design (Color),Charles LeMaire
1955,Directing,Delbert Mann
1955,Film Editing,Charles Nelson / William A. Lyon
1955,Best Picture,Marty
1955,Writing (Original Story),Daniel Fuchs
1955,Writing (Adapted Screenplay),Paddy Chayefsky
1955,Writing (Original Screenplay),William Ludwig / Sonya Levien
1956,Actor in a Leading Role,Yul Brynner
1956,Actor in a Supporting Role,Anthony Quinn
1956,Actress in a Leading Role,Ingrid Bergman
1956,Actress in a Supporting Role,Dorothy Malone
1956,Art Direction (Black-and-White),Cedric Gibbons / Malcolm F. Brown / Edwin B. Willis / F. Keogh Gleason
1956,Art Direction (Color),Lyle R. Wheeler / John DeCuir / Walter M. Scott / Paul S. Fox
1956,Cinematography (Black-and-White),Joseph Ruttenberg
1956,Cinematography (Color),Lionel Lindon
1956,Costume Design (Black-and-White),Jean Louis
1956,Costume Design (Color),Irene Sharaff
1956,Directing,George Stevens
1956,Film Editing,Gene Ruggiero / Paul Weatherwax
1956,International Feature Film,La Strada
1956,Best Picture,Around the World in 80 Days
1956,Writing (Original Story),Dalton Trumbo
1956,Writing (Adapted Screenplay),James Poe / John Farrow / S.J. Perelman
1956,Writing (Original Screenplay),Albert Lamorisse
1957,Actor in a Leading Role,Alec Guinness
1957,Actor in a Supporting Role,Red Buttons
1957,Actress in a Leading Role,Joanne Woodward
1957,Actress in a Supporting Role,Miyoshi Umeki
1957,Art Direction,Ted Haworth / Robert Priestley
1957,Cinematography,Jack Hildyard
1957,Costume Design,Orry-Kelly
1957,Directing,David Lean
1957,Film Editing,Peter Taylor
1957,International Feature Film,The Nights of Cabiria
1957,Best Picture,The Bridge on the River Kwai
1957,Writing (Adapted Screenplay),Michael Wilson / Carl Foreman / Pierre Boulle
1957,Writing (Original Screenplay),George Wells
1958,Actor in a Leading Role,David Niven
1958,Actor in a Supporting Role,Burl Ives
1958,Actress in a Leading Role,Susan Hayward
1958,Actress in a Supporting Role,Wendy Hiller
1958,Art Direction,William A. Horning / Preston Ames / Henry Grace / Keogh Gleason
1958,Cinematography (Black-and-White),Sam Leavitt
1958,Cinematography (Color),Joseph Ruttenberg
1958,Costume Design,Cecil Beaton
1958,Directing,Vincente Minnelli
1958,Film Editing,Adrienne Fazan
1958,International Feature Film,My Uncle
1958,Best Picture,Gigi
1958,Writing (Adapted Screenplay),Alan Jay Lerner
1958,Writing (Original Screenplay),Nedrick Young / Harold Jacob Smith
1959,Actor in a Leading Role,Charlton Heston
1959,Actor in a Supporting Role,Hugh Griffith
1959,Actress in a Leading Role,Simone Signoret
1959,Actress in a Supporting Role,Shelley Winters
1959,Art Direction (Black-and-White),Lyle R. Wheeler / George W. Davis / Walter M. Scott / Stuart A. Reiss
1959,Art Direction (Color),William A. Horning / Edward Carfagno / Hugh Hunt
1959,Cinematography (Black-and-White),William C. Mellor
1959,Cinematography (Color),Robert L. Surtees
1959,Costume Design (Black-and-White),Orry-Kelly
1959,Costume Design (Color),Elizabeth Haffenden
1959,Directing,William Wyler
1959,Film Editing,Ralph E. Winters / John D. Dunning
1959,International Feature Film,Black Orpheus
1959,Best Picture,Ben-Hur
1959,Writing (Adapted Screenplay),Neil Paterson
1959,Writing (Original Screenplay),Russell Rouse / Clarence Greene / Stanley Shapiro / Maurice Richlin
1960,Actor in a Leading Role,Burt Lancaster
1960,Actor in a Supporting Role,Peter Ustinov
1960,Actress in a Leading Role,Elizabeth Taylor
1960,Actress in a Supporting Role,Shirley Jones
1960,Art Direction (Black-and-White),Alexander Trauner / Edward G. Boyle
1960,Art Direction (Color),Alexander Golitzen / Eric Orbom / Russell A. Gausman / Julia Heron
1960,Cinematography (Black-and-White),Freddie Francis
1960,Cinematography (Color),Russell Metty
1960,Costume Design (Black-and-White),Edith Head / Edward Stevenson
1960,Costume Design (Color),Valles / Bill Thomas
1960,Directing,Billy Wilder
1960,Film Editing,Daniel Mandell
1960,International Feature Film,The Virgin Spring
1960,Best Picture,The Apartment
1960,Writing (Adapted Screenplay),Richard Brooks
1960,Writing (Original Screenplay),Billy Wilder / I. A. L. Diamond
1961,Actor in a Leading Role,Maximilian Schell
1961,Actor in a Supporting Role,George Chakiris
1961,Actress in a Leading Role,Sophia Loren
1961,Actress in a Supporting Role,Rita Moreno
1961,Art Direction (Black-and-White),Harry Horner / Gene Callahan
1961,Art Direction (Color),Boris Leven / Victor A. Gangelin
1961,Cinematography (Black-and-White),Eugen Shuftan
1961,Cinematography (Color),Daniel L. Fapp
1961,Costume Design (Black-and-White),Piero Gherardi
1961,Costume Design (Color),Irene Sharaff
1961,Directing,Robert Wise / Jerome Robbins
1961,Film Editing,Thomas Stanford
1961,International Feature Film,Through a Glass Darkly
1961,Best Picture,West Side Story
1961,Writing (Adapted Screenplay),Abby Mann
1961,Writing (Original Screenplay),William Inge
1962,Actor in a Leading Role,Gregory Peck
1962,Actor in a Supporting Role,Ed Begley
1962,Actress in a Leading Role,Anne Bancroft
1962,Actress in a Supporting Role,Patty Duke
1962,Art Direction (Black-and-White),Alexander Golitzen / Henry Bumstead / Oliver Emert
1962,Art Direction (Color),John Box / John Stoll / Dario Simoni
1962,Cinematography (Black-and-White),Jean Bourgoin / Walter Wottitz / Henri Persin
1962,Cinematography (Color),Fred A. Young
1962,Costume Design (Black-and-White),Norma Koch
1962,Costume Design (Color),Mary Wills
1962,Directing,David Lean
1962,Film Editing,Anne Coates
1962,International Feature Film,Sundays and Cybele
1962,Best Picture,Lawrence of Arabia
1962,Writing (Adapted Screenplay),Horton Foote
1962,Writing (Original Screenplay),Ennio de Concini / Alfredo Giannetti / Pietro Germi
1963,Actor in a Leading Role,Sidney Poitier
1963,Actor in a Supporting Role,Melvyn Douglas
1963,Actress in a Leading Role,Patricia Neal
1963,Actress in a Supporting Role,Margaret Rutherford
1963,Art Direction (Black-and-White),Gene Callahan
1963,Art Direction (Color),John DeCuir / Jack Martin Smith / Hilyard Brown / Herman Blumenthal / Elven Webb / Maurice Pelling / Boris Juraga / Walter M. Scott / Paul S. Fox / Ray Moyer
1963,Cinematography (Black-and-White),James Wong Howe
1963,Cinematography (Color),Leon Shamroy
1963,Costume Design (Black-and-White),Piero Gherardi
1963,Costume Design (Color),Irene Sharaff / Vittorio Nino Novarese / Renie
1963,Directing,Tony Richardson
1963,Film Editing,Harold F. Kress
1963,International Feature Film,Federico Fellini's 8-1/2
1963,Best Picture,Tom Jones
1963,Writing (Adapted Screenplay),John Osborne
1963,Writing (Original Screenplay),James R. Webb
1964,Actor in a Leading Role,Rex Harrison
1964,Actor in a Supporting Role,Peter Ustinov
1964,Actress in a Leading Role,Julie Andrews
1964,Actress in a Supporting Role,Lila Kedrova
